ID,Target_30bp,Target_gRNA,Strand,PAM,GC%,DeepOne_score,global_cutsite
gRNA_plus_1,CCTCCGCCGGGGTCACCCATTATCTGGCGG,CGCCGGGGTCACCCATTATC,+,TGG,65.0,6.01,31
gRNA_plus_2,CCGCCGGGGTCACCCATTATCTGGCGGCCC,CGGGGTCACCCATTATCTGG,+,CGG,60.0,7.77,34
gRNA_plus_3,GTCACCCATTATCTGGCGGCCCCCCGGAAA,CCCATTATCTGGCGGCCCCC,+,CGG,70.0,0.54,42
gRNA_plus_4,CCATTATCTGGCGGCCCCCCGGAAAGGGGG,TATCTGGCGGCCCCCCGGAA,+,AGG,70.0,7.59,47
gRNA_plus_5,CATTATCTGGCGGCCCCCCGGAAAGGGGGG,ATCTGGCGGCCCCCCGGAAA,+,GGG,70.0,0.26,48
gRNA_plus_6,ATTATCTGGCGGCCCCCCGGAAAGGGGGGG,TCTGGCGGCCCCCCGGAAAG,+,GGG,75.0,6.67,49
gRNA_plus_7,TTATCTGGCGGCCCCCCGGAAAGGGGGGGG,CTGGCGGCCCCCCGGAAAGG,+,GGG,80.0,15.97,50
gRNA_plus_8,TATCTGGCGGCCCCCCGGAAAGGGGGGGGG,TGGCGGCCCCCCGGAAAGGG,+,GGG,80.0,17.31,51
gRNA_plus_9,ATCTGGCGGCCCCCCGGAAAGGGGGGGGGG,GGCGGCCCCCCGGAAAGGGG,+,GGG,85.0,1.63,52
gRNA_plus_10,TCTGGCGGCCCCCCGGAAAGGGGGGGGGGG,GCGGCCCCCCGGAAAGGGGG,+,GGG,85.0,0.09,53
gRNA_plus_11,CTGGCGGCCCCCCGGAAAGGGGGGGGGGGG,CGGCCCCCCGGAAAGGGGGG,+,GGG,85.0,0.06,54
gRNA_plus_12,TGGCGGCCCCCCGGAAAGGGGGGGGGGGGG,GGCCCCCCGGAAAGGGGGGG,+,GGG,85.0,0.05,55
gRNA_plus_13,GGCGGCCCCCCGGAAAGGGGGGGGGGGGGG,GCCCCCCGGAAAGGGGGGGG,+,GGG,85.0,0.08,56
gRNA_minus_14,CCTTTCCGGGGGGCCGCCAGATAATGGGTG,TCCGGGGGGCCGCCAGATAA,-,TGG,70.0,4.86,36
gRNA_minus_15,CTTTCCGGGGGGCCGCCAGATAATGGGTGA,CCGGGGGGCCGCCAGATAAT,-,GGG,70.0,25.38,37
gRNA_minus_16,GGGCCGCCAGATAATGGGTGACCCCGGCGG,CGCCAGATAATGGGTGACCC,-,CGG,60.0,5.33,46
gRNA_minus_17,CCGCCAGATAATGGGTGACCCCGGCGGAGG,CAGATAATGGGTGACCCCGG,-,CGG,60.0,5.89,49
gRNA_minus_18,CCAGATAATGGGTGACCCCGGCGGAGGTGA,ATAATGGGTGACCCCGGCGG,-,AGG,65.0,0.12,52
