ID	Target_gRNA	Strand	PAM	GC%	DeepOne_score	inDelphi_1bp_Ins%	inDelphi_Frameshift%	Ins1bp_vs_Frameshift_Ratio
gRNA_minus_15	CCGGGGGGCCGCCAGATAAT	-	GGG	70.0	25.38	40.27	82.96	0.4854
gRNA_plus_5	ATCTGGCGGCCCCCCGGAAA	+	GGG	70.0	0.26	30.22	79.58	0.3797
gRNA_plus_4	TATCTGGCGGCCCCCCGGAA	+	AGG	70.0	7.59	28.01	80.7	0.3471
gRNA_minus_14	TCCGGGGGGCCGCCAGATAA	-	TGG	70.0	4.86	23.52	74.38	0.3162
gRNA_minus_17	CAGATAATGGGTGACCCCGG	-	CGG	60.0	5.89	7.34	28.52	0.2574
gRNA_plus_11	CGGCCCCCCGGAAAGGGGGG	+	GGG	85.0	0.06	12.48	68.6	0.1819
gRNA_plus_13	GCCCCCCGGAAAGGGGGGGG	+	GGG	85.0	0.08	12.15	68.47	0.1774
gRNA_plus_1	CGCCGGGGTCACCCATTATC	+	TGG	65.0	6.01	11.98	76.32	0.1569
gRNA_plus_10	GCGGCCCCCCGGAAAGGGGG	+	GGG	85.0	0.09	10.75	70.86	0.1517
gRNA_plus_12	GGCCCCCCGGAAAGGGGGGG	+	GGG	85.0	0.05	10.33	73.22	0.1411
gRNA_minus_16	CGCCAGATAATGGGTGACCC	-	CGG	60.0	5.33	7.01	58.8	0.1193
gRNA_plus_9	GGCGGCCCCCCGGAAAGGGG	+	GGG	85.0	1.63	7.57	71.84	0.1053
gRNA_minus_18	ATAATGGGTGACCCCGGCGG	-	AGG	65.0	0.12	2.98	35.58	0.0838
gRNA_plus_3	CCCATTATCTGGCGGCCCCC	+	CGG	70.0	0.54	6.68	85.5	0.0781
gRNA_plus_8	TGGCGGCCCCCCGGAAAGGG	+	GGG	80.0	17.31	4.94	64.49	0.0766
gRNA_plus_6	TCTGGCGGCCCCCCGGAAAG	+	GGG	75.0	6.67	5.15	68.7	0.075
gRNA_plus_7	CTGGCGGCCCCCCGGAAAGG	+	GGG	80.0	15.97	5.27	71.1	0.0741
gRNA_plus_2	CGGGGTCACCCATTATCTGG	+	CGG	60.0	7.77	3.52	55.51	0.0634
